map,map_50,map_75,f1,error_map,map_class0,map_class1,map_class2,map_class3,map_class4,map_class5,map_class6,map_class7,map_class8,map_class9,map_class10,map_class11,map_class12,map_class13,map_class14,map_class15,map_class16,map_class17,map_class18,map_class19,map_class20,map_class21,map_class22,map_class23,map_class24,map_class25,map_class26,map_class27,map_class28,map_class29,map_class30,map_class31,map_class32,map_class33,map_class34
0.708146219,0.935581665,0.848722061,0.923371981,0.291853781,0.717391973,0.698674668,0.714595467,0.65224558,0.690615365,0.769614423,0.766194457,0.7108832,0.715540362,0.68995134,0.690287607,0.579455653,0.650152194,0.759729885,0.765660125,0.702312649,0.624818721,0.638833207,0.737092578,0.727122872,0.753091377,0.799377859,0.766146431,0.693461664,0.636538821,0.668083575,0.744520682,0.722279222,0.747182669,0.798116241,0.767788527,0.722999863,0.808618054,0.542261396,0.613478973
