map,map_50,map_75,f1,error_map,map_class0,map_class1,map_class2,map_class3,map_class4,map_class5,map_class6,map_class7,map_class8,map_class9,map_class10,map_class11,map_class12,map_class13,map_class14,map_class15,map_class16,map_class17,map_class18,map_class19,map_class20,map_class21,map_class22,map_class23,map_class24,map_class25,map_class26,map_class27,map_class28,map_class29,map_class30,map_class31,map_class32,map_class33,map_class34
0.723087028,0.949480406,0.870544865,0.936026117,0.276912972,0.729687954,0.702070894,0.722415653,0.620112821,0.723508298,0.753039031,0.749480297,0.716358197,0.702200103,0.682847122,0.703842197,0.627218218,0.679033646,0.762455626,0.767899479,0.734270402,0.666726895,0.651665378,0.747644218,0.716796965,0.766770587,0.821211458,0.809960137,0.755678336,0.65814095,0.696783359,0.752111295,0.75225583,0.74403182,0.788383807,0.806357185,0.734775508,0.804165316,0.518386777,0.739760239
